<?xml version="1.0" encoding="UTF-8" standalone="yes"?>
<addon id="plugin.video.hellokoko"
       name="Hello Koko"
       version="2018.01.21"
       provider-name="HelloKoko">
  <requires>
    <import addon="xbmc.python" version="2.14.0"/>
  </requires>
  <extension point="xbmc.python.pluginsource"
            library="default.py">
        <provides>video</provides>
  </extension>
  <extension point="xbmc.addon.metadata">
    <summary>Wtyczka Hello Koko</summary>
    <description>Wtyczka pozwala ogladac filmy z servera kokos***1207.pl</description>
    <platform>all</platform>
  </extension>
</addon>
